City_ID,City,Lat,Lng,Max Temp,Humidity,Cloudiness,Wind Speed,Country,Date
0,Ribeira Grande,38.5167,-28.7,68.4,68,20,14.97,PT,2023-05-30 19:28:23
1,Iqaluit,63.7506,-68.5145,33.53,100,100,6.91,CA,2023-05-30 19:28:23
2,Tofol,5.3248,163.0078,82.76,74,61,6.46,FM,2023-05-30 19:28:23
3,Bethel,41.3712,-73.414,75.18,45,0,4.61,US,2023-05-30 19:28:24
4,Udachny,66.4167,112.4,32.45,74,64,14.67,RU,2023-05-30 19:28:24
5,Fisterra,42.9049,-9.2629,63.75,89,98,4.68,ES,2023-05-30 19:28:24
6,Kingscliff,-28.2667,153.5667,42.6,93,8,0.0,AU,2023-05-30 19:28:24
7,Richfield,44.8833,-93.283,87.42,51,75,18.41,US,2023-05-30 19:28:25
8,Invercargill,-46.4,168.35,47.89,83,100,11.36,NZ,2023-05-30 19:28:25
9,Stanley,54.868,-1.6985,53.78,80,20,6.91,GB,2023-05-30 19:28:25
10,Yamada,39.4667,141.95,50.7,88,100,3.89,JP,2023-05-30 19:28:25
11,Yellowknife,62.456,-114.3525,54.12,58,20,15.01,CA,2023-05-30 19:28:26
12,Albany,42.6001,-73.9662,81.03,35,9,4.0,US,2023-05-30 19:27:20
13,Qaqortoq,60.7167,-46.0333,39.81,85,100,1.48,GL,2023-05-30 19:28:26
14,Kibre Mengist,5.8833,38.9833,58.06,95,57,1.95,ET,2023-05-30 19:28:27
15,Puerto Natales,-51.7236,-72.4875,55.85,62,20,12.66,CL,2023-05-30 19:28:27
16,Weno,7.4515,151.8468,80.55,94,100,8.05,FM,2023-05-30 19:28:27
17,Ushuaia,-54.8,-68.3,51.46,71,40,3.44,AR,2023-05-30 19:28:27
18,Grytviken,-54.2811,-36.5092,24.3,81,12,8.84,GS,2023-05-30 19:28:28
19,Port-Aux-Francais,-49.35,70.2167,39.31,86,100,29.17,TF,2023-05-30 19:28:28
20,North Platte,41.1239,-100.7654,83.12,57,0,5.01,US,2023-05-30 19:28:28
21,Tiksi,71.6872,128.8694,27.19,86,10,3.56,RU,2023-05-30 19:28:28
22,Blackmans Bay,-43.0167,147.3167,58.73,75,100,8.68,AU,2023-05-30 19:28:28
23,Edinburgh Of The Seven Seas,-37.0676,-12.3116,56.43,85,100,39.55,SH,2023-05-30 19:28:29
24,Papatowai,-46.5619,169.4708,48.07,71,93,11.39,NZ,2023-05-30 19:28:29
25,Fada,9.5667,8.3,77.92,72,50,3.11,NG,2023-05-30 19:28:29
26,Argo,37.6333,22.7333,68.79,76,17,1.23,GR,2023-05-30 19:28:29
27,Mao,39.8885,4.2658,68.56,83,20,6.91,ES,2023-05-30 19:28:29
28,Naze,28.3667,129.4833,74.32,95,96,4.61,JP,2023-05-30 19:28:29
29,Port Mathurin,-19.6833,63.4167,76.35,70,12,13.53,MU,2023-05-30 19:28:30
30,Waitangi,-43.9535,-176.5597,55.81,97,100,3.0,NZ,2023-05-30 19:28:30
31,La Sarre,48.8002,-79.1996,83.25,31,9,6.17,CA,2023-05-30 19:28:22
32,Birao,10.2849,22.7882,86.49,47,81,4.03,CF,2023-05-30 19:28:31
33,Baiquan,47.5833,126.0833,55.8,37,9,8.25,CN,2023-05-30 19:28:31
34,Kambove,-10.8764,26.5969,63.84,60,99,4.52,CD,2023-05-30 19:28:31
35,Vilyuysk,63.7553,121.6247,47.86,82,100,10.89,RU,2023-05-30 19:28:31
36,Jamestown,42.097,-79.2353,80.24,36,20,6.91,US,2023-05-30 19:28:32
37,Chonchi,-42.6128,-73.8092,54.61,93,98,7.76,CL,2023-05-30 19:28:32
38,Ust-Nera,64.5667,143.2,53.53,65,100,3.02,RU,2023-05-30 19:28:32
39,Belel,7.05,14.4333,62.46,95,47,2.91,CM,2023-05-30 19:28:32
40,Puerto Ayora,-0.7393,-90.3518,85.96,92,100,7.0,EC,2023-05-30 19:28:33
41,Margaret River,-33.95,115.0667,60.53,89,63,3.44,AU,2023-05-30 19:28:33
42,La Passe,45.5549,-0.8967,79.03,66,99,14.99,FR,2023-05-30 19:28:33
43,Avarua,-21.2078,-159.775,73.45,56,40,6.91,CK,2023-05-30 19:26:45
44,Toba,34.4833,136.85,68.0,91,100,12.8,JP,2023-05-30 19:28:34
45,Inirida,3.8653,-67.9239,75.42,97,100,2.08,CO,2023-05-30 19:28:34
46,Isafjordur,66.0755,-23.124,45.59,72,55,11.1,IS,2023-05-30 19:28:34
47,Gannan,47.9147,123.5031,58.26,36,100,8.84,CN,2023-05-30 19:29:34
48,Utrik,11.2278,169.8474,80.98,81,100,19.17,MH,2023-05-30 19:29:34
49,Qui Nhon,13.7667,109.2333,79.3,84,96,3.51,VN,2023-05-30 19:29:35
50,Kenai,60.5544,-151.2583,53.02,72,100,21.85,US,2023-05-30 19:29:35
51,Nong Phai,15.9903,101.0618,81.54,82,53,4.54,TH,2023-05-30 19:29:35
52,Papao,-17.75,-149.55,78.48,84,79,7.96,PF,2023-05-30 19:29:35
53,Adamstown,-25.066,-130.1015,70.21,65,100,13.89,PN,2023-05-30 19:29:35
54,Lakatoro,-16.0999,167.4164,75.36,75,99,14.16,VU,2023-05-30 19:29:35
55,Port Saint John'S,-31.6229,29.5448,68.59,84,100,5.77,ZA,2023-05-30 19:29:36
56,Hermanus,-34.4187,19.2345,58.8,94,100,14.18,ZA,2023-05-30 19:29:36
57,Ust-Tsilma,65.441,52.1498,53.22,69,90,4.76,RU,2023-05-30 19:29:36
58,Embi,48.8264,58.1442,74.44,31,100,4.85,KZ,2023-05-30 19:29:36
59,Newman,37.3138,-121.0208,76.05,56,99,3.0,US,2023-05-30 19:29:37
60,Ciudad Lazaro Cardenas,17.9583,-102.2,88.03,57,0,13.73,MX,2023-05-30 19:29:37
61,Wailua Homesteads,22.0669,-159.378,77.79,80,20,12.66,US,2023-05-30 19:29:37
62,Ancud,-41.8697,-73.8203,53.15,89,100,20.85,CL,2023-05-30 19:29:37
63,Nemuro,43.3236,145.575,43.7,82,1,8.79,JP,2023-05-30 19:29:37
64,Rio De Janeiro,-22.9028,-43.2075,73.94,67,75,9.22,BR,2023-05-30 19:29:11
65,Coquimbo,-29.9533,-71.3436,60.53,77,75,9.22,CL,2023-05-30 19:29:38
66,Anadyr,64.75,177.4833,46.9,53,0,6.71,RU,2023-05-30 19:29:38
67,West Island,-12.1568,96.8225,82.38,78,40,16.11,CC,2023-05-30 19:29:38
68,Punta Arenas,-53.15,-70.9167,53.62,93,40,5.75,CL,2023-05-30 19:29:38
69,Pudasjarvi,65.3833,26.9167,45.88,60,89,7.54,FI,2023-05-30 19:29:39
70,Kuta,-8.7233,115.1723,80.55,83,40,10.36,ID,2023-05-30 19:29:39
71,Tazovsky,67.4667,78.7,54.86,54,97,15.68,RU,2023-05-30 19:29:39
72,Bamboo Flat,11.7,92.7167,78.89,89,40,2.3,IN,2023-05-30 19:29:40
73,Smithers,54.7804,-127.1743,50.32,46,75,2.3,CA,2023-05-30 19:28:51
74,Tsiombe,-25.3,45.4833,68.86,82,1,9.82,MG,2023-05-30 19:29:40
75,Shimoda,34.6667,138.95,66.11,92,100,3.36,JP,2023-05-30 19:29:40
76,Greenville,35.6127,-77.3663,78.96,77,75,14.97,US,2023-05-30 19:29:40
77,Thompson,55.7435,-97.8558,68.16,64,75,8.05,CA,2023-05-30 19:26:33
78,Ugoofaaru,5.6667,73.0,84.34,75,100,9.06,MV,2023-05-30 19:29:41
79,Codrington,-38.2667,141.9667,57.13,85,100,14.34,AU,2023-05-30 19:29:41
80,College,64.8569,-147.8028,44.58,94,100,6.91,US,2023-05-30 19:29:41
81,Port Elizabeth,-33.918,25.5701,61.11,89,0,8.05,ZA,2023-05-30 19:29:42
82,Constantia,44.1833,28.65,61.7,70,100,8.5,RO,2023-05-30 19:29:42
83,Chibougamau,49.9168,-74.3659,83.82,18,0,14.97,CA,2023-05-30 19:29:42
84,Haiku-Pauwela,20.9219,-156.3051,79.16,62,20,14.97,US,2023-05-30 19:29:42
85,Tabas,33.5959,56.9244,89.82,13,98,2.3,IR,2023-05-30 19:29:42
86,Harper,4.375,-7.7169,79.65,86,48,6.6,LR,2023-05-30 19:29:42
87,Saint-Pierre,-21.3393,55.4781,69.48,73,20,6.91,RE,2023-05-30 19:25:35
88,Placido De Castro,-10.3353,-67.1856,84.92,59,89,3.18,BR,2023-05-30 19:29:43
89,Longyearbyen,78.2186,15.6401,33.64,86,75,16.11,SJ,2023-05-30 19:29:43
90,Palmer,42.1584,-72.3287,77.83,34,20,8.05,US,2023-05-30 19:25:28
91,Huanggang,23.677,116.9996,78.69,80,4,1.59,CN,2023-05-30 19:29:43
92,Ola,59.5833,151.2833,52.14,61,100,13.89,RU,2023-05-30 19:29:43
93,Badger,64.8,-147.5333,44.51,93,100,6.91,US,2023-05-30 19:29:44
94,Colonia,50.9333,6.95,66.85,54,0,10.36,DE,2023-05-30 19:25:45
95,Leninskoye,41.7589,69.3864,66.07,35,0,2.84,KZ,2023-05-30 19:30:44
96,Carnarvon,-24.8667,113.6333,68.47,75,0,6.35,AU,2023-05-30 19:30:44
97,Mecatlan,20.2167,-97.6667,86.18,51,27,3.85,MX,2023-05-30 19:30:44
98,Bilibino,68.0546,166.4372,50.34,45,100,6.04,RU,2023-05-30 19:30:45
99,Al Bardiyah,31.7561,25.0865,69.48,79,95,12.62,LY,2023-05-30 19:30:45
100,Camarinas,43.1311,-9.1817,63.93,94,98,4.68,ES,2023-05-30 19:30:45
101,Olonkinbyen,70.9221,-8.7187,30.9,79,37,18.77,SJ,2023-05-30 19:30:45
102,Ilulissat,69.2167,-51.1,35.62,93,75,6.91,GL,2023-05-30 19:30:45
103,Fu'An,27.0892,119.6453,73.96,89,10,2.68,CN,2023-05-30 19:30:46
104,Tabuk,17.4189,121.4443,77.54,80,100,4.38,PH,2023-05-30 19:30:46
105,Sivas,39.7916,37.0019,50.63,81,40,8.05,TR,2023-05-30 19:30:46
106,Portland,45.5234,-122.6762,65.37,50,75,8.05,US,2023-05-30 19:28:48
107,Castillos,-34.1667,-53.8333,60.67,67,98,5.68,UY,2023-05-30 19:27:19
108,Pangobilian,8.8011,117.8594,80.78,85,100,8.84,PH,2023-05-30 19:30:47
109,Berdigestyakh,62.0989,126.6992,50.97,58,99,5.03,RU,2023-05-30 19:30:47
110,Tazacorte,28.629,-17.9293,72.57,64,40,3.44,ES,2023-05-30 19:28:21
111,Gamba,-2.65,10.0,75.54,91,45,6.67,GA,2023-05-30 19:30:47
112,Eket,4.6412,7.9209,79.18,87,83,5.88,NG,2023-05-30 19:30:47
113,Dauphin,51.1494,-100.0502,75.34,57,0,5.75,CA,2023-05-30 19:30:47
114,Rio Preto Da Eva,-2.6994,-59.6997,83.19,73,97,2.19,BR,2023-05-30 19:30:48
115,Usogorsk,63.4106,48.6872,50.76,78,15,5.66,RU,2023-05-30 19:30:48
116,Opuwo,-18.0607,13.84,59.4,22,11,4.29,NA,2023-05-30 19:30:48
117,Enewetak,11.3474,162.3373,79.54,80,100,5.08,MH,2023-05-30 19:30:48
118,Brookings,44.3114,-96.7984,86.05,52,0,5.75,US,2023-05-30 19:30:48
119,Keflavik,64.0049,-22.5624,46.31,87,75,9.22,IS,2023-05-30 19:30:48
120,Carutapera,-1.195,-46.02,79.61,89,88,8.25,BR,2023-05-30 19:30:53
121,Taroa,8.7058,171.2275,82.54,80,89,13.13,MH,2023-05-30 19:30:53
122,Prince Albert,53.2001,-105.7677,78.75,29,100,11.5,CA,2023-05-30 19:30:53
123,Isiro,2.7739,27.616,66.6,99,22,0.54,CD,2023-05-30 19:30:54
124,Kulhudhuffushi,6.6221,73.07,83.88,74,88,7.74,MV,2023-05-30 19:30:54
125,Axum,14.1245,38.7244,62.01,65,56,1.61,ET,2023-05-30 19:30:54
126,Savanna-La-Mar,18.219,-78.1332,82.92,84,100,2.8,JM,2023-05-30 19:30:54
127,Udomlya,57.8794,34.9925,45.79,97,100,5.64,RU,2023-05-30 19:30:54
128,Techiman,7.5862,-1.9414,75.7,84,80,1.79,GH,2023-05-30 19:30:54
129,Bredasdorp,-34.5322,20.0403,56.17,90,96,12.86,ZA,2023-05-30 19:30:54
130,Hinton,53.4001,-117.5857,71.2,25,66,7.11,CA,2023-05-30 19:30:41
131,Tecolotlan,20.2167,-104.05,93.85,9,0,2.01,MX,2023-05-30 19:30:55
132,Gilching,48.1021,11.2977,65.01,50,46,9.22,DE,2023-05-30 19:30:55
133,Talnakh,69.4865,88.3972,42.21,75,99,10.4,RU,2023-05-30 19:30:55
134,Fortuna,40.5982,-124.1573,57.92,84,100,4.61,US,2023-05-30 19:30:55
135,Lata,40.1629,-8.3327,63.91,95,90,3.42,PT,2023-05-30 19:30:07
136,Susuman,62.7833,148.1667,52.09,33,23,1.21,RU,2023-05-30 19:30:55
137,Crane,31.3974,-102.3501,91.99,26,5,14.05,US,2023-05-30 19:30:55
138,Osmanabad,18.1667,76.05,89.71,27,100,11.54,IN,2023-05-30 19:30:55
139,Floro,61.5996,5.0328,53.24,93,75,12.66,NO,2023-05-30 19:30:55
140,Manisa,38.8333,28.1667,60.78,86,100,0.89,TR,2023-05-30 19:30:32
141,Atafu Village,-8.5421,-172.5159,83.39,71,86,9.89,TK,2023-05-30 19:30:56
142,Ambovombe,-25.1667,46.0833,69.01,81,0,12.73,MG,2023-05-30 19:30:56
143,Shahrak,34.1074,64.3052,51.33,30,0,3.38,AF,2023-05-30 19:31:56
144,Manay,7.215,126.5397,79.68,83,100,10.31,PH,2023-05-30 19:31:56
145,Hazard,37.2495,-83.1932,83.89,44,92,1.9,US,2023-05-30 19:28:21
146,Isangel,-19.55,169.2667,69.91,88,75,0.0,VU,2023-05-30 19:31:57
147,Ilhabela,-23.7781,-45.3581,69.01,78,98,7.25,BR,2023-05-30 19:31:57
148,Kapa'A,22.0752,-159.319,79.12,79,20,12.66,US,2023-05-30 19:31:57
149,Whitehorse,60.7161,-135.0538,48.02,57,75,4.0,CA,2023-05-30 19:31:57
150,Chegdomyn,51.1167,133.0167,42.35,78,40,1.79,RU,2023-05-30 19:31:58
151,Gadzhiyevo,69.2551,33.3362,47.32,58,100,8.95,RU,2023-05-30 19:31:58
152,Canico,32.6333,-16.85,74.01,82,40,10.36,PT,2023-05-30 19:31:58
153,Elliot Lake,46.3834,-82.6331,78.87,38,2,8.19,CA,2023-05-30 19:31:58
154,Katsuren-Haebaru,26.3369,127.8719,81.37,98,100,14.97,JP,2023-05-30 19:31:59
155,Peace River,56.2501,-117.286,62.91,48,75,11.5,CA,2023-05-30 19:31:59
156,La'Ie,21.6477,-157.9253,82.36,69,20,5.99,US,2023-05-30 19:30:56
157,Palikir - National Government Center,6.9248,158.1611,75.94,94,75,0.0,FM,2023-05-30 19:31:59
158,Guerrero Negro,27.9769,-114.0611,67.69,53,2,16.46,MX,2023-05-30 19:31:59
159,Nadi,-17.8,177.4167,75.2,88,40,2.3,FJ,2023-05-30 19:32:00
160,Mooirivier,-29.2082,29.9946,52.95,64,56,1.86,ZA,2023-05-30 19:32:00
161,Hithadhoo,-0.6,73.0833,83.41,75,81,12.73,MV,2023-05-30 19:32:00
162,Sitka,57.0531,-135.33,46.29,81,100,3.44,US,2023-05-30 19:28:03
163,Luderitz,-26.6481,15.1594,56.32,89,0,11.03,NA,2023-05-30 19:32:00
164,Santa Ana De Yacuma,-13.75,-65.4333,75.15,78,75,9.22,BO,2023-05-30 19:32:00
165,Dudinka,69.4058,86.1778,42.62,77,77,12.86,RU,2023-05-30 19:32:00
166,Forster,-32.1667,152.5167,51.58,67,6,5.53,AU,2023-05-30 19:32:00
167,Fale Old Settlement,-9.3852,-171.2468,83.21,73,47,10.07,TK,2023-05-30 19:32:00
168,Pacific Grove,36.6177,-121.9166,66.81,71,100,9.22,US,2023-05-30 19:32:01
169,Lebu,-37.6167,-73.65,52.63,91,100,10.63,CL,2023-05-30 19:32:01
170,Fort Bragg,35.139,-79.006,78.35,69,100,9.22,US,2023-05-30 19:28:37
171,Vilyuchinsk,52.9306,158.4028,44.87,94,100,23.17,RU,2023-05-30 19:32:01
172,Vila Franca Do Campo,37.7167,-25.4333,63.01,90,100,7.54,PT,2023-05-30 19:32:01
173,Zapolyarnyy,69.4154,30.8136,42.08,58,100,10.78,RU,2023-05-30 19:32:01
174,Heunghae,36.1125,129.3522,59.77,89,62,6.44,KR,2023-05-30 19:32:01
175,Kiruna,67.8557,20.2251,40.12,75,100,14.97,SE,2023-05-30 19:32:02
176,Kupang,-10.1667,123.5833,75.85,78,100,11.92,ID,2023-05-30 19:32:02
177,Kingston,17.997,-76.7936,77.95,94,40,18.41,JM,2023-05-30 19:28:32
178,Iskateley,67.6803,53.1512,48.99,77,100,5.46,RU,2023-05-30 19:32:03
179,Klyuchi,52.2667,79.1667,57.72,45,1,5.99,RU,2023-05-30 19:32:04
180,East London,-33.0153,27.9116,65.26,84,100,15.82,ZA,2023-05-30 19:32:04
181,Pangody,65.85,74.4859,55.6,89,80,10.78,RU,2023-05-30 19:32:04
182,Erenhot,43.6475,111.9767,54.45,80,83,3.06,CN,2023-05-30 19:32:04
183,Kodiak,57.79,-152.4072,47.71,71,0,8.05,US,2023-05-30 19:32:05
184,Alcaniz,41.05,-0.1333,69.58,48,23,7.36,ES,2023-05-30 19:32:05
185,Biltine,14.5333,20.9167,91.15,31,7,10.85,TD,2023-05-30 19:32:06
186,Thanh Hoa,19.8,105.7667,77.83,88,5,2.1,VN,2023-05-30 19:32:06
187,Eyl,7.9803,49.8164,83.52,80,18,18.59,SO,2023-05-30 19:32:06
188,Port Alfred,-33.5906,26.891,58.17,94,100,1.99,ZA,2023-05-30 19:32:07
189,Basco,20.4487,121.9702,81.97,83,99,35.3,PH,2023-05-30 19:32:07
190,Cherdyn',60.403,56.4787,55.2,59,93,3.96,RU,2023-05-30 19:33:07
191,Cabo San Lucas,22.8909,-109.9124,88.61,42,0,6.91,MX,2023-05-30 19:28:26
192,Kavalerovo,44.2661,135.0572,41.95,94,3,3.91,RU,2023-05-30 19:33:08
193,Angaur State,6.906,134.13,83.37,77,80,7.14,PW,2023-05-30 19:33:08
194,Acqui Terme,44.6751,8.4675,69.69,70,60,1.95,IT,2023-05-30 19:33:09
195,Paradip Garh,20.3167,86.6167,83.48,85,66,12.84,IN,2023-05-30 19:33:09
196,Knyaze-Volkonskoye,48.4642,135.4567,50.34,83,23,4.72,RU,2023-05-30 19:33:09
197,Viqueque,-8.8673,126.3658,75.22,85,99,6.64,TL,2023-05-30 19:33:10
198,Carnot,4.9409,15.8665,70.92,95,50,4.97,CF,2023-05-30 19:33:10
199,Serres,41.0856,23.5497,67.37,83,78,2.95,GR,2023-05-30 19:33:10
200,Georgetown,5.4112,100.3354,82.35,81,20,3.44,MY,2023-05-30 19:33:10
201,Karratha,-20.7377,116.8463,65.79,54,0,7.34,AU,2023-05-30 19:33:11
202,Igarka,67.4667,86.5833,46.33,68,100,10.11,RU,2023-05-30 19:33:11
203,Hamilton,39.1834,-84.5333,86.77,52,40,8.05,US,2023-05-30 19:29:01
204,Nellore,14.4333,79.9667,84.49,73,100,4.41,IN,2023-05-30 19:33:12
205,Luanda,-8.8368,13.2343,75.2,78,20,10.36,AO,2023-05-30 19:30:58
206,Carlsbad,33.1581,-117.3506,69.26,77,100,11.01,US,2023-05-30 19:30:52
207,Pingzhuang,42.0372,119.2889,62.49,47,97,8.03,CN,2023-05-30 19:33:12
208,Trail,49.0998,-117.7022,81.68,30,30,7.16,CA,2023-05-30 19:33:12
209,Hovd,48.0056,91.6419,48.58,43,99,2.04,MN,2023-05-30 19:30:35
210,Ninh Binh,20.2539,105.975,78.42,84,19,4.25,VN,2023-05-30 19:33:13
211,Masasi,-10.7167,38.8,66.13,88,92,2.64,TZ,2023-05-30 19:33:13
212,Norzagaray,14.9109,121.0493,85.75,81,100,7.09,PH,2023-05-30 19:33:13
213,Alta,69.9689,23.2717,43.86,79,75,5.75,NO,2023-05-30 19:30:29
214,Phan Rang-Thap Cham,11.5667,108.9833,78.98,80,83,3.78,VN,2023-05-30 19:33:13
215,Porec,45.2258,13.5939,72.45,65,80,7.67,HR,2023-05-30 19:33:14
216,Tamandare,-8.7597,-35.1047,78.94,79,4,9.91,BR,2023-05-30 19:33:14
217,Mejit,10.2753,170.8646,81.39,81,58,18.88,MH,2023-05-30 19:33:14
218,Gbarnga,6.9956,-9.4722,74.61,96,77,1.88,LR,2023-05-30 19:33:14
219,Ndioum,16.5129,-14.6471,111.09,16,100,7.49,SN,2023-05-30 19:30:06
220,Vila Velha,-20.3297,-40.2925,76.95,73,40,9.22,BR,2023-05-30 19:33:15
221,San Andres,12.5847,-81.7006,89.62,66,20,8.05,CO,2023-05-30 19:33:15
222,St. John'S,47.5649,-52.7093,52.68,67,20,13.8,CA,2023-05-30 19:29:59
223,Korla,41.7597,86.1469,65.75,25,3,3.2,CN,2023-05-30 19:33:16
224,Mitu,1.1983,-70.1733,78.04,92,96,2.37,CO,2023-05-30 19:33:16
225,Pokhara,28.2333,83.9833,74.62,39,0,7.56,NP,2023-05-30 19:33:16
226,Aasiaat,68.7098,-52.8699,32.88,96,100,28.23,GL,2023-05-30 19:33:17
227,Prince Rupert,54.3161,-130.3201,50.09,72,100,21.85,CA,2023-05-30 19:33:17
228,Geraldton,-28.7667,114.6,64.81,88,100,10.36,AU,2023-05-30 19:33:17
229,Boyolangu,-8.1181,111.8935,76.12,89,100,4.14,ID,2023-05-30 19:33:17
230,Daru,-9.0763,143.2092,77.59,87,71,15.55,PG,2023-05-30 19:33:18
231,Tvoroyri,61.5556,-6.8111,49.35,93,78,21.14,FO,2023-05-30 19:33:18
232,Tari,12.4086,4.4914,87.84,41,100,13.09,NG,2023-05-30 19:33:18
233,Punta Del Este,-34.9667,-54.95,62.71,73,40,8.01,UY,2023-05-30 19:31:52
234,Capo D'Orlando,38.1435,14.7305,70.41,78,100,5.26,IT,2023-05-30 19:33:19
235,Kapuskasing,49.4169,-82.4331,89.6,19,20,17.27,CA,2023-05-30 19:29:02
236,Gembu,6.7,11.2667,63.64,91,95,2.01,NG,2023-05-30 19:33:19
237,Nema,57.5067,50.5011,59.38,81,96,6.4,RU,2023-05-30 19:34:20
238,Jwaneng,-24.6004,24.7303,55.8,59,5,8.63,BW,2023-05-30 19:34:20
239,Chingola,-12.529,27.8838,60.94,62,94,1.14,ZM,2023-05-30 19:34:21
240,Lihue,21.9789,-159.3672,78.39,74,20,12.66,US,2023-05-30 19:34:21
241,Reggane,26.7158,0.1714,87.17,15,20,9.64,DZ,2023-05-30 19:34:21
242,Hawaiian Paradise Park,19.5933,-154.9731,77.04,86,100,0.0,US,2023-05-30 19:34:22
243,Tamiahua,21.2667,-97.45,88.02,52,0,14.65,MX,2023-05-30 19:34:22
244,Masterton,-40.9597,175.6575,49.89,81,77,2.33,NZ,2023-05-30 19:34:32
245,Iquique,-20.2208,-70.1431,68.04,74,26,8.46,CL,2023-05-30 19:33:58
246,Mount Isa,-20.7333,139.5,38.97,65,79,0.0,AU,2023-05-30 19:34:33
247,Petropavlovsk-Kamchatsky,53.0452,158.6483,43.39,87,75,15.66,RU,2023-05-30 19:34:33
248,Aktau,43.65,51.2,77.58,26,94,9.71,KZ,2023-05-30 19:34:33
249,Eilat,29.5581,34.9482,87.64,25,20,13.8,IL,2023-05-30 19:34:34
250,Oranjemund,-28.55,16.4333,57.22,93,96,8.25,NA,2023-05-30 19:34:35
251,Feres,40.8956,26.17,65.64,82,40,0.0,GR,2023-05-30 19:34:35
252,Katsuura,35.1333,140.3,68.02,79,100,17.63,JP,2023-05-30 19:34:35
253,Alipur,29.3846,70.9116,81.05,55,95,6.55,PK,2023-05-30 19:34:35
254,Baihar,22.1,80.55,86.31,33,100,3.42,IN,2023-05-30 19:34:35
255,Tomatlan,19.9333,-105.25,95.36,36,0,15.08,MX,2023-05-30 19:34:35
256,Gazli,40.1333,63.45,80.35,11,4,18.03,UZ,2023-05-30 19:33:34
257,Tevriz,57.509,72.4042,56.28,98,47,1.16,RU,2023-05-30 19:34:36
258,Uturoa,-16.7333,-151.4333,79.29,79,7,8.55,PF,2023-05-30 19:34:36
259,Afaahiti,-17.75,-149.2833,76.87,84,52,11.12,PF,2023-05-30 19:34:36
260,Kegen,43.0197,79.2203,44.64,51,0,4.18,KZ,2023-05-30 19:34:37
261,Chernyshevskiy,63.0128,112.4714,42.46,85,27,9.26,RU,2023-05-30 19:34:37
262,Liuduzhai,27.3661,110.935,72.18,96,98,3.53,CN,2023-05-30 19:34:37
263,Holualoa,19.6228,-155.9522,77.77,81,40,9.22,US,2023-05-30 19:34:38
264,Nuuk,64.1835,-51.7216,41.61,75,75,5.75,GL,2023-05-30 19:34:38
265,Sakakah,29.9697,40.2064,81.97,35,19,10.85,SA,2023-05-30 19:34:25
266,Byala Slatina,43.4667,23.9333,61.81,85,26,4.54,BG,2023-05-30 19:34:38
267,Praia Da Vitoria,38.7333,-27.0667,66.45,88,40,10.36,PT,2023-05-30 19:34:38
268,El Galpon,-25.3807,-64.6526,73.63,46,4,6.8,AR,2023-05-30 19:34:39
269,East Ballina,-28.8667,153.5833,48.79,72,0,5.35,AU,2023-05-30 19:34:39
270,Gewane,10.1664,40.6453,87.84,46,82,1.25,ET,2023-05-30 19:34:39
271,Salavan,15.7167,106.4167,74.82,98,70,2.77,LA,2023-05-30 19:34:39
272,Kirakira,-10.4544,161.9205,76.01,90,100,7.92,SB,2023-05-30 19:34:39
273,Hopelchen,19.7667,-89.85,103.37,22,19,8.03,MX,2023-05-30 19:34:40
274,Queenstown,-31.8976,26.8753,50.07,88,100,1.5,ZA,2023-05-30 19:34:40
275,Adamovka,51.5223,59.9396,72.1,34,100,5.08,RU,2023-05-30 19:34:40
276,As Sulayyil,20.4607,45.5779,88.05,39,45,15.86,SA,2023-05-30 19:34:40
277,Ratnagiri,16.9833,73.3,81.9,90,14,5.53,IN,2023-05-30 19:34:40
278,Mosfellsbaer,64.1667,-21.7,45.91,76,100,5.75,IS,2023-05-30 19:34:41
279,Douglas,41.3,-96.167,89.78,40,40,14.97,US,2023-05-30 19:34:41
280,Saint-Philippe,-21.3585,55.7679,69.39,78,39,5.41,RE,2023-05-30 19:34:41
281,Sinop,41.7711,34.8709,57.7,95,99,1.97,TR,2023-05-30 19:34:41
282,Port Macquarie,-31.4333,152.9167,42.89,66,4,4.43,AU,2023-05-30 19:34:41
283,Linhares,-19.3911,-40.0722,72.63,75,15,8.03,BR,2023-05-30 19:34:42
284,Umm Kaddadah,13.6017,26.6876,91.54,30,13,3.31,SD,2023-05-30 19:34:42
285,San Patricio,28.017,-97.5169,90.16,56,67,9.48,US,2023-05-30 19:35:42
286,Trairi,-3.2778,-39.2689,79.16,86,48,10.09,BR,2023-05-30 19:35:42
287,Ishioka,36.1833,140.2667,65.25,68,75,10.36,JP,2023-05-30 19:35:42
288,Gebeit,21.0667,36.3167,80.73,68,0,8.61,SD,2023-05-30 19:35:43
289,Waddan,29.1614,16.139,83.05,27,3,13.44,LY,2023-05-30 19:35:43
290,New Norfolk,-42.7826,147.0587,59.92,76,100,1.99,AU,2023-05-30 19:35:43
291,La Libertad,-2.2333,-80.9,83.86,79,40,10.36,EC,2023-05-30 19:35:43
292,Ballina,-28.8667,153.5667,48.78,73,0,5.26,AU,2023-05-30 19:35:44
293,Jingdezhen,29.2947,117.2079,72.52,98,83,4.09,CN,2023-05-30 19:35:44
294,Kailua-Kona,19.6406,-155.9956,81.5,80,40,9.22,US,2023-05-30 19:35:44
295,Malango,-2.9627,119.9001,65.91,96,94,2.24,ID,2023-05-30 19:35:44
296,Valparaiso,-33.0393,-71.6273,64.63,73,75,6.91,CL,2023-05-30 19:31:58
297,Nova Sintra,14.8667,-24.7167,69.6,81,100,18.37,CV,2023-05-30 19:35:45
298,Sucre,-19.0333,-65.2627,64.81,28,4,8.28,BO,2023-05-30 19:35:45
299,Rajpur,22.3,74.35,87.03,42,0,1.63,IN,2023-05-30 19:35:45
300,Kalmunai,7.4167,81.8167,80.82,79,92,4.65,LK,2023-05-30 19:35:45
301,Resende,-22.4689,-44.4467,65.57,90,99,3.94,BR,2023-05-30 19:34:10
302,Vorgashor,67.5833,63.95,43.86,93,1,3.49,RU,2023-05-30 19:31:11
303,Marang,5.2056,103.2059,80.51,87,38,3.98,MY,2023-05-30 19:35:45
304,Glace Bay,46.1969,-59.957,68.09,41,75,13.8,CA,2023-05-30 19:34:13
305,Alice Springs,-23.7,133.8833,38.75,81,1,4.07,AU,2023-05-30 19:35:46
306,Takoradi,4.8845,-1.7554,80.96,80,48,7.25,GH,2023-05-30 19:35:46
307,Taguatinga,-12.3857,-46.5711,90.55,28,34,4.76,BR,2023-05-30 19:35:46
308,Kikwit,-5.041,18.8162,76.14,76,44,0.51,CD,2023-05-30 19:35:46
309,Mogadishu,2.0371,45.3438,80.49,82,59,16.75,SO,2023-05-30 19:35:47
310,Kyshtovka,56.555,76.6271,53.67,58,99,4.9,RU,2023-05-30 19:35:47
311,Chui,-33.6971,-53.4616,59.95,76,100,6.02,UY,2023-05-30 19:35:47
312,Glazov,58.1394,52.6584,57.0,88,64,5.84,RU,2023-05-30 19:35:47
313,Freetown,8.484,-13.2299,78.51,83,75,10.36,SL,2023-05-30 19:35:47
314,Maintirano,-18.0667,44.0167,75.33,79,0,9.42,MG,2023-05-30 19:35:47
315,Hauterive,46.0901,3.4459,72.36,78,45,5.53,FR,2023-05-30 19:35:47
316,Healesville,-37.65,145.5167,59.9,94,100,5.68,AU,2023-05-30 19:35:47
317,Akureyri,65.6835,-18.0878,49.93,62,20,13.8,IS,2023-05-30 19:35:48
318,Ketchikan,55.3422,-131.6461,48.18,87,100,11.5,US,2023-05-30 19:35:48
319,Yuzhno-Kurilsk,44.0306,145.8556,45.25,85,8,4.7,RU,2023-05-30 19:35:48
320,Ad Dindar,13.2,34.1667,85.73,45,65,4.68,SD,2023-05-30 19:35:48
321,Bayanhongor,46.7167,100.1167,35.19,55,100,13.29,MN,2023-05-30 19:35:48
322,Lengshuitan,26.4111,111.5956,74.89,91,70,4.34,CN,2023-05-30 19:35:48
323,Zouerate,22.7187,-12.4521,86.38,18,64,11.12,MR,2023-05-30 19:35:48
324,Kununurra,-15.7667,128.7333,49.98,76,6,1.14,AU,2023-05-30 19:35:48
325,Minas,-34.3759,-55.2377,56.91,73,99,6.17,UY,2023-05-30 19:34:31
326,Tanjungbalai,2.9667,99.8,77.13,91,100,3.22,ID,2023-05-30 19:35:48
327,Arteche,12.2645,125.4048,80.2,82,100,8.19,PH,2023-05-30 19:35:49
328,Baharly,38.4362,57.4316,85.55,12,58,5.7,TM,2023-05-30 19:35:49
329,Puerto Asis,0.5133,-76.5007,89.29,52,8,2.01,CO,2023-05-30 19:35:49
330,Miandrivazo,-19.5167,45.4667,73.24,55,0,1.95,MG,2023-05-30 19:35:49
331,Balikpapan,-1.2675,116.8289,83.39,84,40,5.75,ID,2023-05-30 19:35:49
332,Bukama,-9.2,25.85,74.43,54,71,0.65,CD,2023-05-30 19:35:49
333,Mount Gambier,-37.8333,140.7667,57.81,90,100,10.36,AU,2023-05-30 19:33:31
334,Hasaki,35.7333,140.8333,65.21,76,100,20.6,JP,2023-05-30 19:36:49
335,Rio Grande,-32.035,-52.0986,71.71,81,31,8.28,BR,2023-05-30 19:34:32
336,Medina,24.4686,39.6142,90.03,29,0,6.91,SA,2023-05-30 19:36:50
337,Saudarkrokur,65.7461,-19.6394,50.95,63,45,8.32,IS,2023-05-30 19:36:50
338,Saldanha,-33.0117,17.9442,57.25,90,100,16.51,ZA,2023-05-30 19:36:50
339,Kasungu,-13.0333,33.4833,59.68,69,5,4.56,MW,2023-05-30 19:36:51
340,Cururupu,-1.8283,-44.8683,79.36,89,100,5.7,BR,2023-05-30 19:36:51
341,Pangai,-19.8,-174.35,78.91,89,40,17.27,TO,2023-05-30 19:36:51
342,Lucas,41.6501,-83.6666,90.5,40,0,11.5,US,2023-05-30 19:32:59
343,Pisco,-13.7,-76.2167,71.65,68,100,6.91,PE,2023-05-30 19:36:51
344,Torghay,49.6339,63.4981,76.69,29,88,2.59,KZ,2023-05-30 19:36:51
345,Westport,41.1415,-73.3579,74.3,48,20,10.36,US,2023-05-30 19:35:19
346,Oistins,13.0667,-59.5333,86.09,74,40,10.36,BB,2023-05-30 19:36:52
347,Noumea,-22.2763,166.4572,72.0,99,100,11.03,NC,2023-05-30 19:32:25
348,Kilindoni,-7.9139,39.6668,79.7,76,81,12.88,TZ,2023-05-30 19:36:52
349,Bartin,41.5833,32.5,52.72,96,84,3.4,TR,2023-05-30 19:36:52
350,Tarawa,1.419,172.984,84.29,79,40,2.3,KI,2023-05-30 19:36:52
351,Kolonia Town,6.964,158.206,77.0,94,75,0.0,FM,2023-05-30 19:36:52
352,Richards Bay,-28.783,32.0377,70.88,81,0,11.97,ZA,2023-05-30 19:36:52
353,Ostseebad Kuhlungsborn,54.15,11.75,59.29,75,63,5.41,DE,2023-05-30 19:36:57
354,Novyy Urgal,51.0736,132.5642,42.94,77,60,0.78,RU,2023-05-30 19:36:58
355,Galle,6.0367,80.217,80.53,84,79,7.09,LK,2023-05-30 19:36:58
356,La Asuncion,11.0333,-63.8628,89.33,58,100,17.27,VE,2023-05-30 19:36:58
357,Port Lincoln,-34.7333,135.8667,60.98,73,100,13.76,AU,2023-05-30 19:36:58
358,Larkird,35.4894,66.6641,62.51,37,0,2.89,AF,2023-05-30 19:36:58
359,Tshikapa,-6.4167,20.8,77.41,51,5,0.96,CD,2023-05-30 19:36:58
360,Pyt-Yakh,60.7499,72.8582,55.09,82,0,6.38,RU,2023-05-30 19:36:59
361,Ostrogozhsk,50.8664,39.0756,55.06,95,91,5.7,RU,2023-05-30 19:36:59
362,Inari,68.906,27.0288,48.4,64,100,9.78,FI,2023-05-30 19:36:59
363,Olyokminsk,60.3736,120.4264,47.41,59,100,1.74,RU,2023-05-30 19:36:59
364,Chakulia,22.4833,86.7167,86.9,50,51,2.46,IN,2023-05-30 19:36:59
365,Gorgan,36.8387,54.4348,76.96,61,40,11.5,IR,2023-05-30 19:37:00
366,Haimen,23.1935,116.6142,78.69,82,2,3.91,CN,2023-05-30 19:37:00
367,Port Isabel,26.0734,-97.2086,87.89,68,20,11.5,US,2023-05-30 19:37:00
368,Baglung,28.2719,83.5898,70.29,54,0,6.31,NP,2023-05-30 19:37:00
369,Mahina,-17.5065,-149.489,78.57,83,75,0.0,PF,2023-05-30 19:37:00
370,Drouin,-38.1333,145.85,58.39,82,100,7.72,AU,2023-05-30 19:37:00
371,Xilin Hot,43.9667,116.0333,54.25,83,93,11.27,CN,2023-05-30 19:37:00
372,Chippewa Falls,44.9369,-91.3929,86.77,44,40,12.66,US,2023-05-30 19:34:33
373,Nafada,11.0956,11.3327,95.81,27,23,7.74,NG,2023-05-30 19:37:01
374,Fernie,49.5,-115.0687,74.08,31,35,12.97,CA,2023-05-30 19:37:01
375,Tura,25.5198,90.2201,78.33,62,100,3.71,IN,2023-05-30 19:37:01
376,Tauranga,-37.6861,176.1667,55.94,96,54,3.0,NZ,2023-05-30 19:37:01
377,Margate,51.3813,1.3862,53.91,83,100,11.99,GB,2023-05-30 19:37:02
378,Honefoss,60.168,10.2565,62.31,63,38,4.29,NO,2023-05-30 19:35:12
379,Ta`U,-14.2336,-169.5144,82.36,79,82,21.52,AS,2023-05-30 19:37:02
380,Gagliano Del Capo,39.8442,18.3695,67.82,78,64,1.63,IT,2023-05-30 19:37:03
381,Aral,40.5156,81.2636,70.09,15,53,7.87,CN,2023-05-30 19:38:03
382,Santa Ana,33.7456,-117.8678,70.61,78,100,8.05,US,2023-05-30 19:38:03
383,Island Harbour,50.724,-1.2758,60.98,70,15,8.01,GB,2023-05-30 19:38:04
384,Conduaga,8.862,117.4893,80.64,86,100,10.69,PH,2023-05-30 19:38:04
385,Cidade Velha,14.9167,-23.6167,79.27,65,0,18.41,CV,2023-05-30 19:38:04
386,Znamenskoye,57.1281,73.8282,54.57,95,100,3.22,RU,2023-05-30 19:38:05
387,Bridlington,54.0831,-0.1919,54.14,78,100,14.74,GB,2023-05-30 19:38:05
388,Villard-Bonnot,45.24,5.8902,71.47,91,93,2.48,FR,2023-05-30 19:38:05
389,Tubarjal,30.4999,38.216,77.05,33,0,7.63,SA,2023-05-30 19:38:06
390,Polyarnyy,69.1989,33.4478,47.32,59,100,9.53,RU,2023-05-30 19:36:56
391,Quellon,-43.1167,-73.6167,53.85,94,100,12.66,CL,2023-05-30 19:38:06
392,Kavaratti,10.5669,72.642,85.32,73,65,2.21,IN,2023-05-30 19:38:07
393,Whakatane,-37.9585,176.9854,50.5,99,34,5.44,NZ,2023-05-30 19:38:07
394,Undurkhaan,47.3194,110.6556,53.69,60,99,3.69,MN,2023-05-30 19:38:08
395,Turaif,31.6725,38.6637,71.85,40,40,3.44,SA,2023-05-30 19:38:08
396,Walvis Bay,-22.9575,14.5053,58.15,62,0,10.36,NA,2023-05-30 19:38:09
397,Sona,45.4388,10.8255,74.64,49,40,4.61,IT,2023-05-30 19:38:09
398,Saynshand,44.8824,110.1163,53.98,77,95,4.76,MN,2023-05-30 19:38:09
399,Monaghan,54.25,-6.9667,58.8,89,7,4.54,IE,2023-05-30 19:38:09
400,Cestos City,5.46,-9.5828,80.31,86,87,6.82,LR,2023-05-30 19:38:10
401,Magadan,59.5667,150.8,51.53,64,100,14.41,RU,2023-05-30 19:38:10
402,Changling,44.2653,124.0005,64.0,61,100,1.01,CN,2023-05-30 19:38:10
403,Taoudenni,22.6783,-3.9836,91.71,11,59,9.69,ML,2023-05-30 19:38:11
404,Luena,-11.7833,19.9167,71.78,56,3,5.75,AO,2023-05-30 19:38:11
405,Aripuana,-9.1667,-60.6333,86.14,58,100,0.78,BR,2023-05-30 19:38:11
406,Gornozavodsk,58.3758,58.3211,58.84,65,99,3.74,RU,2023-05-30 19:38:11
407,Brisas De Zicatela,15.8369,-97.0419,90.12,62,20,12.66,MX,2023-05-30 19:38:12
408,Urangan,-25.3,152.9,59.18,79,1,6.33,AU,2023-05-30 19:38:12
409,Lazaro Cardenas,17.9583,-102.2,88.29,57,0,12.53,MX,2023-05-30 19:36:40
410,Alaghsas,17.0187,8.0168,95.38,9,4,12.35,NE,2023-05-30 19:38:12
411,Lagoa,39.05,-27.9833,63.5,81,0,14.88,PT,2023-05-30 19:38:13
412,Marsh Harbour,26.5412,-77.0636,79.65,76,100,8.75,BS,2023-05-30 19:38:13
413,Schwerin,53.6294,11.4132,57.7,85,35,3.0,DE,2023-05-30 19:38:13
414,Cotoca,-17.8167,-63.05,69.66,77,75,9.22,BO,2023-05-30 19:38:14
415,Gizo,-8.103,156.8419,81.41,80,91,17.67,SB,2023-05-30 19:38:14
416,Nadym,65.5333,72.5167,54.16,91,100,14.34,RU,2023-05-30 19:38:14
417,Glendive,47.1053,-104.7125,80.22,47,0,10.36,US,2023-05-30 19:38:14
418,Villarrica,-25.75,-56.4333,68.05,93,60,3.85,PY,2023-05-30 19:38:14
419,Gargalianoi,37.0667,21.6333,66.36,81,8,3.06,GR,2023-05-30 19:38:15
420,Tulun,54.5611,100.5792,47.77,95,100,12.44,RU,2023-05-30 19:38:15
421,Palu,-0.8917,119.8707,75.7,94,62,2.51,ID,2023-05-30 19:38:20
422,Pogranichnyy,44.4064,131.3769,48.45,66,1,4.7,RU,2023-05-30 19:38:21
423,Kone,-21.0595,164.8658,66.94,80,100,4.74,NC,2023-05-30 19:38:21
424,Raduzhny,62.0961,77.475,61.99,59,100,8.59,RU,2023-05-30 19:38:21
425,Luau,-10.7073,22.2247,67.5,51,98,2.04,AO,2023-05-30 19:38:21
426,Mormugao,15.4,73.8,82.33,85,44,5.77,IN,2023-05-30 19:38:21
427,Bandar,2.05,99.75,73.49,96,100,2.82,ID,2023-05-30 19:38:22
428,Dawei,14.0833,98.2,77.76,89,99,1.3,MM,2023-05-30 19:38:22
429,Nampula,-15.1165,39.2666,69.75,73,0,8.05,MZ,2023-05-30 19:39:23
430,Hobyo,5.3505,48.5268,82.96,79,67,23.8,SO,2023-05-30 19:39:23
431,Bondo,3.8146,23.6866,70.05,88,8,2.91,CD,2023-05-30 19:39:23
432,Tandil,-37.3217,-59.1332,55.69,62,29,10.78,AR,2023-05-30 19:39:23
433,Unai,-16.3575,-46.9061,83.66,35,86,2.42,BR,2023-05-30 19:39:23
434,Sacramento,38.4666,-121.3177,76.28,50,0,10.36,US,2023-05-30 19:34:34
435,Corinto,37.9407,22.9573,68.9,75,3,3.36,GR,2023-05-30 19:39:24
436,Port Shepstone,-30.7414,30.455,70.11,82,100,4.45,ZA,2023-05-30 19:39:24
437,West Gulfport,30.4041,-89.0942,86.68,58,20,9.22,US,2023-05-30 19:36:54
438,Kyren,51.6828,102.1408,45.52,94,100,0.69,RU,2023-05-30 19:39:24
439,Remire-Montjoly,4.9167,-52.2667,86.04,66,20,9.22,GF,2023-05-30 19:39:24
440,El Granada,37.5027,-122.4694,75.07,67,100,17.27,US,2023-05-30 19:39:24
441,Laguna,38.421,-121.4238,76.42,51,0,10.36,US,2023-05-30 19:39:25
442,Vadso,70.0744,29.7487,43.68,75,75,3.44,NO,2023-05-30 19:39:25
443,Lamu,-2.2717,40.902,73.62,82,15,12.8,KE,2023-05-30 19:39:25
444,Nsanje,-16.92,35.262,69.69,71,4,2.73,MW,2023-05-30 19:39:25
445,Coahuayana De Hidalgo,18.7,-103.6583,93.94,46,0,10.04,MX,2023-05-30 19:39:25
446,Anloga,5.7947,0.8973,82.47,78,35,10.4,GH,2023-05-30 19:39:26
447,Veinticinco De Mayo,-35.4323,-60.1727,61.99,65,98,4.0,AR,2023-05-30 19:39:26
448,Namibe,-15.1961,12.1522,66.88,67,95,5.7,AO,2023-05-30 19:39:27
449,Sovetskaya Gavan',48.9723,140.2878,44.62,70,48,2.75,RU,2023-05-30 19:39:27
450,Santa Cruz,-17.8,-63.1667,69.26,77,75,10.36,BO,2023-05-30 19:37:53
451,Malvan,16.0667,73.4667,82.94,87,35,5.82,IN,2023-05-30 19:39:27
452,Spring Creek,40.7266,-115.5859,73.09,22,50,12.12,US,2023-05-30 19:39:27
453,Dalai,45.5,124.3,59.23,34,100,7.96,CN,2023-05-30 19:39:28
454,Brokopondo,4.75,-55.1667,84.0,74,62,4.7,SR,2023-05-30 19:39:28
455,Kamaishi,39.2667,141.8833,52.65,82,96,3.56,JP,2023-05-30 19:39:29
456,Whitley Bay,55.0397,-1.4471,55.81,76,20,6.91,GB,2023-05-30 19:39:29
457,Oliveira,-20.6964,-44.8272,64.96,74,100,9.35,BR,2023-05-30 19:39:30
458,Mawlaik,23.6333,94.4167,82.63,53,8,1.79,MM,2023-05-30 19:39:30
459,Clarkston Heights-Vineland,46.3874,-117.083,80.65,33,0,5.75,US,2023-05-30 19:39:30
460,Nguigmi,14.2495,13.1092,84.4,56,19,8.46,NE,2023-05-30 19:39:30
461,Sabang,5.8933,95.3214,83.26,75,100,22.17,ID,2023-05-30 19:39:30
462,Saipan,15.1355,145.701,76.64,100,75,16.11,MP,2023-05-30 19:39:30
463,Jabor,5.921,169.6434,82.22,76,98,8.9,MH,2023-05-30 19:39:31
464,Kitee,62.1,30.15,44.06,69,15,4.41,FI,2023-05-30 19:39:31
465,Cannonvale,-20.2833,148.7,65.59,85,95,14.74,AU,2023-05-30 19:39:31
466,Riverside,33.7333,-116.0508,86.07,21,0,5.75,US,2023-05-30 19:39:32
467,Leh,34.1667,77.5833,44.6,79,100,2.82,IN,2023-05-30 19:39:32
468,Zigong,29.3416,104.7769,78.42,85,1,0.76,CN,2023-05-30 19:39:32
469,Calbe,51.9,11.7667,62.29,75,62,7.54,DE,2023-05-30 19:39:33
470,Andreapol',56.6513,32.2664,42.96,87,79,5.12,RU,2023-05-30 19:39:33
471,Touros,-5.1989,-35.4608,79.77,76,23,15.26,BR,2023-05-30 19:39:33
472,Autazes,-3.5797,-59.1306,86.29,66,97,1.23,BR,2023-05-30 19:39:34
473,Laascaanood,8.4774,47.3597,86.88,39,98,15.21,SO,2023-05-30 19:39:34
474,Tuy Hoa,13.0833,109.3,78.1,86,56,5.3,VN,2023-05-30 19:39:34
475,Ipueiras,-7.0333,-40.45,84.81,38,79,11.45,BR,2023-05-30 19:39:34
476,Tolanaro,-25.0319,46.9987,71.67,83,40,8.05,MG,2023-05-30 19:39:34
477,Ushtobe,45.2514,77.9838,62.92,49,8,8.03,KZ,2023-05-30 19:40:35
478,Neyshabur,36.2133,58.7958,74.14,15,10,5.82,IR,2023-05-30 19:40:35
479,Qandala,11.472,49.8728,89.02,63,0,1.36,SO,2023-05-30 19:40:35
480,Laojunmiao,39.8333,97.7333,47.91,26,86,2.57,CN,2023-05-30 19:40:35
481,Puerto Baquerizo Moreno,-0.9,-89.6,83.39,79,75,11.5,EC,2023-05-30 19:40:36
482,Waingapu,-9.6567,120.2641,74.57,87,100,9.66,ID,2023-05-30 19:40:36
483,Preobrazheniye,42.9019,133.9064,50.88,70,1,6.67,RU,2023-05-30 19:40:36
484,Ghat,24.9647,10.1728,90.39,10,0,6.93,LY,2023-05-30 19:40:36
485,Fayzabad,37.1166,70.58,67.96,38,100,0.96,AF,2023-05-30 19:40:36
486,Nizhneangarsk,55.7833,109.55,40.6,66,95,9.57,RU,2023-05-30 19:40:37
487,Bandarbeyla,9.4942,50.8122,83.19,82,47,20.83,SO,2023-05-30 19:40:37
488,Darwin,-12.4611,130.8418,69.78,52,48,9.22,AU,2023-05-30 19:40:37
489,Arraial Do Cabo,-22.9661,-42.0278,71.46,78,75,3.44,BR,2023-05-30 19:40:37
490,Leava,-14.3,-178.1667,83.41,75,87,17.02,WF,2023-05-30 19:40:38
491,Mirny,62.5353,113.9611,48.24,70,68,8.99,RU,2023-05-30 19:40:38
492,Wickenburg,33.9686,-112.7296,90.45,11,0,14.16,US,2023-05-30 19:40:38
493,Lensk,60.7253,114.9278,46.6,60,92,0.67,RU,2023-05-30 19:40:38
494,Rundu,-17.9333,19.7667,66.29,38,50,6.04,NA,2023-05-30 19:40:38
495,Parauapebas,-6.0675,-49.9022,89.58,61,40,5.75,BR,2023-05-30 19:40:39
496,Llallagua,-18.4167,-66.6333,52.95,11,58,3.83,BO,2023-05-30 19:40:39
497,Sinah,36.809,43.0389,74.91,42,56,3.98,IQ,2023-05-30 19:40:39
498,Howrah,22.5892,88.3103,86.0,84,20,6.91,IN,2023-05-30 19:40:39
499,Linkou,45.3,130.2833,46.94,64,1,4.09,CN,2023-05-30 19:40:39
500,Talara,-4.5772,-81.2719,84.96,65,0,11.5,PE,2023-05-30 19:40:40
501,Bijni,26.4959,90.703,81.07,58,100,2.48,IN,2023-05-30 19:40:40
502,Tromso,69.6496,18.957,41.02,87,75,12.66,NO,2023-05-30 19:40:40
503,Hammerfest,70.6634,23.6821,41.45,81,75,3.44,NO,2023-05-30 19:40:40
504,Quesnel,52.9999,-122.5029,59.5,41,100,2.3,CA,2023-05-30 19:40:40
505,Tralee,52.2704,-9.7026,61.86,77,3,5.01,IE,2023-05-30 19:40:41
506,Tual,-5.6667,132.75,81.39,79,61,20.54,ID,2023-05-30 19:40:41
507,Wagar,16.1525,36.2032,88.43,43,89,15.32,SD,2023-05-30 19:40:41
508,Woodstock,43.1334,-80.7497,85.06,42,5,8.01,CA,2023-05-30 19:37:40
509,Arkhangel'Sk,64.5401,40.5433,45.05,80,43,4.83,RU,2023-05-30 19:39:41
510,Shenjiamen,29.9576,122.298,69.1,99,83,7.92,CN,2023-05-30 19:40:42
511,Herisau,47.3862,9.2792,65.89,89,3,3.44,CH,2023-05-30 19:40:42
512,Starovelichkovskaya,45.4288,38.7326,63.14,94,95,5.35,RU,2023-05-30 19:40:42
513,Kwaksan,39.6875,125.0828,61.05,63,100,5.93,KP,2023-05-30 19:40:42
514,Casper,42.8666,-106.3131,79.39,28,40,12.66,US,2023-05-30 19:39:31
515,Belmonte,-15.8631,-38.8828,76.12,79,19,11.7,BR,2023-05-30 19:40:42
516,Alofi,-19.0595,-169.9187,75.09,83,40,10.36,NU,2023-05-30 19:40:43
517,Zinacatepec,18.3333,-97.25,89.78,30,18,6.2,MX,2023-05-30 19:40:43
518,Dokkum,53.3222,5.997,55.0,82,100,8.05,NL,2023-05-30 19:40:43
519,Soria,41.6667,-2.6667,53.85,78,95,4.12,ES,2023-05-30 19:40:43
520,Kill Devil Hills,36.0307,-75.676,69.98,87,100,10.36,US,2023-05-30 19:40:44
521,Fort St. John,56.2499,-120.8529,57.09,41,75,4.61,CA,2023-05-30 19:40:44
522,Rovnoye,50.7765,46.0509,65.86,71,100,7.47,RU,2023-05-30 19:40:44
523,Bubaque,11.2833,-15.8333,82.22,86,51,13.33,GW,2023-05-30 19:40:44
524,Mil'Kovo,55.6078,37.7956,64.06,60,93,5.01,RU,2023-05-30 19:41:45
525,Boiling Springs,35.0465,-81.9818,80.17,60,40,3.44,US,2023-05-30 19:40:39
526,Sinjai,-5.1241,120.253,76.05,91,99,2.86,ID,2023-05-30 19:41:45
527,Chu,43.5983,73.7614,62.69,30,0,6.85,KZ,2023-05-30 19:41:45
528,Pandan,14.0453,124.1694,83.52,78,100,16.35,PH,2023-05-30 19:41:46
529,Sambava,-14.2667,50.1667,73.36,88,9,11.74,MG,2023-05-30 19:41:46
530,Awjilah,29.1081,21.2869,89.98,15,63,19.64,LY,2023-05-30 19:41:46
531,Dalandzadgad,43.5708,104.425,51.28,29,0,31.56,MN,2023-05-30 19:41:47
532,Klaksvik,62.2266,-6.589,50.92,84,100,23.4,FO,2023-05-30 19:41:47
533,Ambon,-3.6954,128.1814,82.63,92,40,6.91,ID,2023-05-30 19:40:06
534,Boundiali,9.5217,-6.4869,82.42,66,93,6.85,CI,2023-05-30 19:41:47
535,Sinabang,2.4803,96.3801,79.36,84,95,2.53,ID,2023-05-30 19:41:47
536,Vallenar,-28.5708,-70.7581,80.69,21,100,4.7,CL,2023-05-30 19:41:48
537,Enriquillo,17.9,-71.2333,85.68,71,100,8.63,DO,2023-05-30 19:41:48
538,Yelizavetinskaya,45.0445,38.7958,64.53,100,32,4.65,RU,2023-05-30 19:41:53
539,Ellsworth,44.5434,-68.4195,74.12,53,0,16.11,US,2023-05-30 19:41:53
540,Upata,8.0086,-62.3989,84.2,54,100,7.45,VE,2023-05-30 19:41:53
541,Rybnoye,54.7256,39.5119,55.13,73,93,4.76,RU,2023-05-30 19:41:54
542,Wuyang,31.9925,116.2472,69.94,88,100,2.55,CN,2023-05-30 19:41:54
543,Selfoss,63.9331,-20.9971,45.05,72,62,12.68,IS,2023-05-30 19:41:54
544,Dapa,9.7594,126.0531,83.26,73,100,2.66,PH,2023-05-30 19:41:54
545,Molchanovo,57.5817,83.7692,52.25,53,6,2.28,RU,2023-05-30 19:41:55
546,Pitimbu,-7.4706,-34.8086,84.79,75,27,12.75,BR,2023-05-30 19:41:55
547,Chateaubriant,47.7167,-1.3833,67.71,70,51,12.75,FR,2023-05-30 19:41:55
548,Timmins,48.4669,-81.3331,87.62,16,40,10.36,CA,2023-05-30 19:37:11
549,Nova Vicosa,-17.8919,-39.3719,75.38,74,3,14.16,BR,2023-05-30 19:41:55
550,Machico,32.7,-16.7667,73.0,81,40,10.36,PT,2023-05-30 19:41:56
551,Huarmey,-10.0681,-78.1522,75.97,69,6,10.49,PE,2023-05-30 19:41:56
552,Suleja,9.1758,7.1808,83.39,64,57,3.56,NG,2023-05-30 19:41:56
553,Guiyang,26.5833,106.7167,73.89,83,0,2.24,CN,2023-05-30 19:41:56
554,El Calafate,-50.3408,-72.2768,43.18,96,51,2.1,AR,2023-05-30 19:41:56
555,Rongelap,11.1635,166.8941,78.82,86,100,13.76,MH,2023-05-30 19:41:57
556,Mogocha,53.7333,119.7667,34.9,96,6,4.79,RU,2023-05-30 19:41:57
557,Sadao,6.6388,100.4234,78.62,95,100,2.13,TH,2023-05-30 19:41:57
558,San Luis,-33.295,-66.3356,65.59,38,100,3.58,AR,2023-05-30 19:41:57
559,Kuanda,56.3161,116.0806,39.4,72,9,1.9,RU,2023-05-30 19:41:57
560,Witu,-2.3889,40.4382,73.56,88,48,9.37,KE,2023-05-30 19:41:58
561,Tanaina,61.6269,-149.4281,50.49,74,100,3.44,US,2023-05-30 19:41:58
562,Bibiani,6.4635,-2.3194,73.76,97,80,3.38,GH,2023-05-30 19:41:58
563,Port Douglas,-16.4833,145.4667,68.68,77,83,7.54,AU,2023-05-30 19:41:58
564,Indore,22.7179,75.8333,84.58,40,3,9.93,IN,2023-05-30 19:39:00
565,Gapyeong,37.831,127.5106,57.51,95,100,2.93,KR,2023-05-30 19:41:59
566,Loukhi,66.0764,33.0381,45.55,58,49,6.85,RU,2023-05-30 19:41:59
567,Teguise,29.0605,-13.564,68.22,60,20,11.5,ES,2023-05-30 19:41:59
568,Priozersk,61.0393,30.1291,50.09,88,13,5.73,RU,2023-05-30 19:41:59
569,Lacombe,52.4668,-113.7353,75.33,54,21,7.85,CA,2023-05-30 19:41:59
570,Cikampek,-6.4197,107.4558,76.05,86,78,2.91,ID,2023-05-30 19:41:59
571,Santana,-0.0583,-51.1817,89.78,70,40,11.5,BR,2023-05-30 19:43:00
572,Bargaal,11.2864,51.0773,85.24,74,2,4.99,SO,2023-05-30 19:43:00
573,Sandpoint,48.2766,-116.5533,75.65,41,0,9.22,US,2023-05-30 19:38:03
574,Itoman,26.1247,127.6694,81.37,91,100,20.71,JP,2023-05-30 19:43:00
575,Songyang,34.4553,113.0281,64.98,95,30,0.11,CN,2023-05-30 19:43:00
576,Labrador City,52.9463,-66.9114,76.91,22,75,11.5,CA,2023-05-30 19:43:01
577,Divnogorsk,55.9594,92.3619,46.89,98,100,0.29,RU,2023-05-30 19:43:01
578,Aldan,58.6031,125.3894,42.24,89,100,1.21,RU,2023-05-30 19:43:01
579,New Plymouth,-39.0667,174.0833,51.8,92,92,7.27,NZ,2023-05-30 19:40:34
580,Tamanrasset,22.785,5.5228,80.51,19,89,18.41,DZ,2023-05-30 19:43:01
581,Meadow Lakes,61.6247,-149.6011,50.9,74,100,3.44,US,2023-05-30 19:43:02
582,Copalillo,18.0333,-99.1167,93.9,31,0,2.44,MX,2023-05-30 19:43:02
583,Trevelin,-43.0858,-71.4639,45.88,96,97,4.65,AR,2023-05-30 19:43:02
584,Wajir,1.7471,40.0573,83.01,55,98,18.59,KE,2023-05-30 19:43:02
585,Souillac,-20.5167,57.5167,75.58,73,40,6.91,MU,2023-05-30 19:43:03
586,Longboat Key,27.4125,-82.659,91.29,41,75,11.5,US,2023-05-30 19:43:03
587,Ipora,-16.4419,-51.1178,84.65,38,100,3.2,BR,2023-05-30 19:43:03
588,Harstad,68.799,16.5293,45.79,100,100,21.99,NO,2023-05-30 19:43:04
589,Kashgar,39.4547,75.9797,70.81,26,20,4.47,CN,2023-05-30 19:43:04
590,Bikin,46.8161,134.26,43.14,84,21,3.87,RU,2023-05-30 19:43:05
591,Sao Joao Da Barra,-21.6403,-41.0511,75.29,76,78,8.95,BR,2023-05-30 19:43:05
592,Zaragoza,41.6561,-0.8773,77.45,45,75,14.97,ES,2023-05-30 19:42:46
593,Rechytsa,52.3617,30.3916,64.51,71,72,10.25,BY,2023-05-30 19:43:05
594,Puerto Deseado,-47.7503,-65.8938,59.61,49,100,27.13,AR,2023-05-30 19:43:06
